Workbook

Sheet SampleSuperstore
A1: Ship Mode | B1: Segment | C1: Country | D1: City | E1: State | F1: Postal Code | G1: Region | H1: Category | I1: Sub-Category | J1: Sales | K1: Quantity | L1: Discount | M1: Profit
A2: Second Class | B2: Consumer | C2: United States | D2: Henderson | E2: Kentucky | F2: 42420 | G2: South | H2: Furniture | I2: Bookcases | J2: 26196 | K2: 2 | L2: 0 | M2: 419136
A3: Second Class | B3: Consumer | C3: United States | D3: Henderson | E3: Kentucky | F3: 42420 | G3: South | H3: Furniture | I3: Chairs | J3: 73194 | K3: 3 | L3: 0 | M3: 219582
A4: Second Class | B4: Corporate | C4: United States | D4: Los Angeles | E4: California | F4: 90036 | G4: West | H4: Office Supplies | I4: Labels | J4: 1462 | K4: 2 | L4: 0 | M4: 68714
A5: Standard Class | B5: Consumer | C5: United States | D5: Fort Lauderdale | E5: Florida | F5: 33311 | G5: South | H5: Furniture | I5: Tables | J5: 9575775 | K5: 5 | L5: 45 | M5: -383031
A6: Standard Class | B6: Consumer | C6: United States | D6: Fort Lauderdale | E6: Florida | F6: 33311 | G6: South | H6: Office Supplies | I6: Storage | J6: 22368 | K6: 2 | L6: 2 | M6: 25164
A7: Standard Class | B7: Consumer | C7: United States | D7: Los Angeles | E7: California | F7: 90032 | G7: West | H7: Furniture | I7: Furnishings | J7: 4886 | K7: 7 | L7: 0 | M7: 141694
A8: Standard Class | B8: Consumer | C8: United States | D8: Los Angeles | E8: California | F8: 90032 | G8: West | H8: Office Supplies | I8: Art | J8: 728 | K8: 4 | L8: 0 | M8: 19656
A9: Standard Class | B9: Consumer | C9: United States | D9: Los Angeles | E9: California | F9: 90032 | G9: West | H9: Technology | I9: Phones | J9: 907152 | K9: 6 | L9: 2 | M9: 907152
A10: Standard Class | B10: Consumer | C10: United States | D10: Los Angeles | E10: California | F10: 90032 | G10: West | H10: Office Supplies | I10: Binders | J10: 18504 | K10: 3 | L10: 2 | M10: 57825
A11: Standard Class | B11: Consumer | C11: United States | D11: Los Angeles | E11: California | F11: 90032 | G11: West | H11: Office Supplies | I11: Appliances | J11: 1149 | K11: 5 | L11: 0 | M11: 3447
A12: Standard Class | B12: Consumer | C12: United States | D12: Los Angeles | E12: California | F12: 90032 | G12: West | H12: Furniture | I12: Tables | J12: 1706184 | K12: 9 | L12: 2 | M12: 853092
A13: Standard Class | B13: Consumer | C13: United States | D13: Los Angeles | E13: California | F13: 90032 | G13: West | H13: Technology | I13: Phones | J13: 911424 | K13: 4 | L13: 2 | M13: 683568
... A9995: Second Class | B9995: Consumer | C9995: United States | D9995: Westminster | E9995: California | F9995: 92683 | G9995: West | H9995: Office Supplies | I9995: Appliances | J9995: 24316 | K9995: 2 | L9995: 0 | M9995: 72948

Sheet VLookUp
A1: Unique Postal Code | B1: Region
A2: {=_xlfn.UNIQUE(SampleSuperstore[Postal Code])} -> 42420 | B2: =VLOOKUP(A2,SampleSuperstore[[Postal Code]:[Profit]],2,0) -> South
A3: 90036 | B3: =VLOOKUP(A3,SampleSuperstore[[Postal Code]:[Profit]],2,0) -> West
A4: 33311 | B4: =VLOOKUP(A4,SampleSuperstore[[Postal Code]:[Profit]],2,0) -> South
A5: 90032 | B5: =VLOOKUP(A5,SampleSuperstore[[Postal Code]:[Profit]],2,0) -> West
A6: 28027 | B6: =VLOOKUP(A6,SampleSuperstore[[Postal Code]:[Profit]],2,0) -> South
A7: 98103 | B7: =VLOOKUP(A7,SampleSuperstore[[Postal Code]:[Profit]],2,0) -> West
A8: 76106 | B8: =VLOOKUP(A8,SampleSuperstore[[Postal Code]:[Profit]],2,0) -> Central
A9: 53711 | B9: =VLOOKUP(A9,SampleSuperstore[[Postal Code]:[Profit]],2,0) -> Central
A10: 84084 | B10: =VLOOKUP(A10,SampleSuperstore[[Postal Code]:[Profit]],2,0) -> West
A11: 94109 | B11: =VLOOKUP(A11,SampleSuperstore[[Postal Code]:[Profit]],2,0) -> West
A12: 68025 | B12: =VLOOKUP(A12,SampleSuperstore[[Postal Code]:[Profit]],2,0) -> Central
A13: 19140 | B13: =VLOOKUP(A13,SampleSuperstore[[Postal Code]:[Profit]],2,0) -> East
A14: 84057 | B14: =VLOOKUP(A14,SampleSuperstore[[Postal Code]:[Profit]],2,0) -> West
... A632: 30188 | B632: =VLOOKUP(A632,SampleSuperstore[[Postal Code]:[Profit]],2,0) -> South

Sheet Index + Match
A1: Unique Postal Code | B1: Row_Number | C1: Region | F1: Unique Postal Code | G1: City
A2: {=_xlfn.UNIQUE(SampleSuperstore[Postal Code])} -> 42420 | B2: =MATCH(A2,SampleSuperstore[Postal Code],0) -> 1 | C2: {=INDEX(SampleSuperstore[Region],'Index + Match'!B2)} -> South | F2: {=_xlfn.UNIQUE(SampleSuperstore[Postal Code])} -> 42420 | G2: =INDEX(SampleSuperstore[City],MATCH('Index + Match'!F2,SampleSuperstore[Postal Code],0)) -> Henderson
A3: 90036 | B3: =MATCH(A3,SampleSuperstore[Postal Code],0) -> 3 | C3: {=INDEX(SampleSuperstore[Region],'Index + Match'!B3)} -> West | F3: 90036 | G3: =INDEX(SampleSuperstore[City],MATCH('Index + Match'!F3,SampleSuperstore[Postal Code],0)) -> Los Angeles
A4: 33311 | B4: =MATCH(A4,SampleSuperstore[Postal Code],0) -> 4 | C4: {=INDEX(SampleSuperstore[Region],'Index + Match'!B4)} -> South | F4: 33311 | G4: =INDEX(SampleSuperstore[City],MATCH('Index + Match'!F4,SampleSuperstore[Postal Code],0)) -> Fort Lauderdale
A5: 90032 | B5: =MATCH(A5,SampleSuperstore[Postal Code],0) -> 6 | C5: {=INDEX(SampleSuperstore[Region],'Index + Match'!B5)} -> West | F5: 90032 | G5: =INDEX(SampleSuperstore[City],MATCH('Index + Match'!F5,SampleSuperstore[Postal Code],0)) -> Los Angeles
A6: 28027 | B6: =MATCH(A6,SampleSuperstore[Postal Code],0) -> 13 | C6: {=INDEX(SampleSuperstore[Region],'Index + Match'!B6)} -> South | F6: 28027 | G6: =INDEX(SampleSuperstore[City],MATCH('Index + Match'!F6,SampleSuperstore[Postal Code],0)) -> Concord
A7: 98103 | B7: =MATCH(A7,SampleSuperstore[Postal Code],0) -> 14 | C7: {=INDEX(SampleSuperstore[Region],'Index + Match'!B7)} -> West | F7: 98103 | G7: =INDEX(SampleSuperstore[City],MATCH('Index + Match'!F7,SampleSuperstore[Postal Code],0)) -> Seattle
A8: 76106 | B8: =MATCH(A8,SampleSuperstore[Postal Code],0) -> 15 | C8: {=INDEX(SampleSuperstore[Region],'Index + Match'!B8)} -> Central | F8: 76106 | G8: =INDEX(SampleSuperstore[City],MATCH('Index + Match'!F8,SampleSuperstore[Postal Code],0)) -> Fort Worth
A9: 53711 | B9: =MATCH(A9,SampleSuperstore[Postal Code],0) -> 17 | C9: {=INDEX(SampleSuperstore[Region],'Index + Match'!B9)} -> Central | F9: 53711 | G9: =INDEX(SampleSuperstore[City],MATCH('Index + Match'!F9,SampleSuperstore[Postal Code],0)) -> Madison
A10: 84084 | B10: =MATCH(A10,SampleSuperstore[Postal Code],0) -> 18 | C10: {=INDEX(SampleSuperstore[Region],'Index + Match'!B10)} -> West | F10: 84084 | G10: =INDEX(SampleSuperstore[City],MATCH('Index + Match'!F10,SampleSuperstore[Postal Code],0)) -> West Jordan
A11: 94109 | B11: =MATCH(A11,SampleSuperstore[Postal Code],0) -> 19 | C11: {=INDEX(SampleSuperstore[Region],'Index + Match'!B11)} -> West | F11: 94109 | G11: =INDEX(SampleSuperstore[City],MATCH('Index + Match'!F11,SampleSuperstore[Postal Code],0)) -> San Francisco
A12: 68025 | B12: =MATCH(A12,SampleSuperstore[Postal Code],0) -> 22 | C12: {=INDEX(SampleSuperstore[Region],'Index + Match'!B12)} -> Central | F12: 68025 | G12: =INDEX(SampleSuperstore[City],MATCH('Index + Match'!F12,SampleSuperstore[Postal Code],0)) -> Fremont
A13: 19140 | B13: =MATCH(A13,SampleSuperstore[Postal Code],0) -> 24 | C13: {=INDEX(SampleSuperstore[Region],'Index + Match'!B13)} -> East | F13: 19140 | G13: =INDEX(SampleSuperstore[City],MATCH('Index + Match'!F13,SampleSuperstore[Postal Code],0)) -> Philadelphia
A14: 84057 | B14: =MATCH(A14,SampleSuperstore[Postal Code],0) -> 25 | C14: {=INDEX(SampleSuperstore[Region],'Index + Match'!B14)} -> West | F14: 84057 | G14: =INDEX(SampleSuperstore[City],MATCH('Index + Match'!F14,SampleSuperstore[Postal Code],0)) -> Orem
... A632: 30188 | B632: =MATCH(A632,SampleSuperstore[Postal Code],0) -> 9882 | C632: {=INDEX(SampleSuperstore[Region],'Index + Match'!B632)} -> South | F632: 30188 | G632: =INDEX(SampleSuperstore[City],MATCH('Index + Match'!F632,SampleSuperstore[Postal Code],0)) -> Woodstock

Sheet Data Cleaning
A1: Ship Mode | B1: Segment | C1: Country | D1: City | E1: State | F1: Postal Code | G1: Region | H1: Category | I1: Sub-Category | J1: Sales | K1: Quantity | L1: Discount | M1: Profit | O1: TRIM City | P1: TRIM State | Q1: Gabung/Merge Column | R1: Split Column (1) | S1: Split Column (2) | T1: Split Column (3) | U1: Split Column (4) | V1: Split Column (5)
A2: Second Class | B2: Consumer | C2: United States | D2: Henderson | E2: Kentucky | F2: 42420 | G2: South | H2: Furniture | I2: Bookcases | J2: 26196 | K2: 2 | L2: 0 | M2: 419136 | O2: =TRIM(SampleSuperstore3[[#This Row],[City]]) -> Henderson | P2: =TRIM(SampleSuperstore3[[#This Row],[State]]) -> Kentucky | Q2: =_xlfn.CONCAT(O2," ",P2) -> Henderson Kentucky | R2: Henderson | S2: Kentucky
A3: Second Class | B3: Consumer | C3: United States | D3: Henderson | E3: Kentucky | F3: 42420 | G3: South | H3: Furniture | I3: Chairs | J3: 73194 | K3: 3 | L3: 0 | M3: 219582 | O3: =TRIM(SampleSuperstore3[[#This Row],[City]]) -> Henderson | P3: =TRIM(SampleSuperstore3[[#This Row],[State]]) -> Kentucky | Q3: =_xlfn.CONCAT(O3," ",P3) -> Henderson Kentucky | R3: Henderson | S3: Kentucky
A4: Second Class | B4: Corporate | C4: United States | D4: Los Angeles | E4: California | F4: 90036 | G4: West | H4: Office Supplies | I4: Labels | J4: 1462 | K4: 2 | L4: 0 | M4: 68714 | O4: =TRIM(SampleSuperstore3[[#This Row],[City]]) -> Los Angeles | P4: =TRIM(SampleSuperstore3[[#This Row],[State]]) -> California | Q4: =_xlfn.CONCAT(O4," ",P4) -> Los Angeles California | R4: Los | S4: Angeles | T4: California
A5: Standard Class | B5: Consumer | C5: United States | D5: Fort Lauderdale | E5: Florida | F5: 33311 | G5: South | H5: Furniture | I5: Tables | J5: 9575775 | K5: 5 | L5: 45 | M5: -383031 | O5: =TRIM(SampleSuperstore3[[#This Row],[City]]) -> Fort Lauderdale | P5: =TRIM(SampleSuperstore3[[#This Row],[State]]) -> Florida | Q5: =_xlfn.CONCAT(O5," ",P5) -> Fort Lauderdale Florida | R5: Los | S5: Angeles | T5: Florida
A6: Standard Class | B6: Consumer | C6: United States | D6: Fort Lauderdale | E6: Florida | F6: 33311 | G6: South | H6: Office Supplies | I6: Storage | J6: 22368 | K6: 2 | L6: 2 | M6: 25164 | O6: =TRIM(SampleSuperstore3[[#This Row],[City]]) -> Fort Lauderdale | P6: =TRIM(SampleSuperstore3[[#This Row],[State]]) -> Florida | Q6: =_xlfn.CONCAT(O6," ",P6) -> Fort Lauderdale Florida | R6: Fort | S6: Lauderdale | T6: Florida
A7: Standard Class | B7: Consumer | C7: United States | D7: Los Angeles | E7: California | F7: 90032 | G7: West | H7: Furniture | I7: Furnishings | J7: 4886 | K7: 7 | L7: 0 | M7: 141694 | O7: =TRIM(SampleSuperstore3[[#This Row],[City]]) -> Los Angeles | P7: =TRIM(SampleSuperstore3[[#This Row],[State]]) -> California | Q7: =_xlfn.CONCAT(O7," ",P7) -> Los Angeles California | R7: Fort | S7: Worth | T7: Texas
A8: Standard Class | B8: Consumer | C8: United States | D8: Los Angeles | E8: California | F8: 90032 | G8: West | H8: Office Supplies | I8: Art | J8: 728 | K8: 4 | L8: 0 | M8: 19656 | O8: =TRIM(SampleSuperstore3[[#This Row],[City]]) -> Los Angeles | P8: =TRIM(SampleSuperstore3[[#This Row],[State]]) -> California | Q8: =_xlfn.CONCAT(O8," ",P8) -> Los Angeles California | R8: Fort | S8: Worth | T8: Texas
A9: Standard Class | B9: Consumer | C9: United States | D9: Los Angeles | E9: California | F9: 90032 | G9: West | H9: Technology | I9: Phones | J9: 907152 | K9: 6 | L9: 2 | M9: 907152 | O9: =TRIM(SampleSuperstore3[[#This Row],[City]]) -> Los Angeles | P9: =TRIM(SampleSuperstore3[[#This Row],[State]]) -> California | Q9: =_xlfn.CONCAT(O9," ",P9) -> Los Angeles California | R9: Madison | S9: Wisconsin
A10: Standard Class | B10: Consumer | C10: United States | D10: Los Angeles | E10: California | F10: 90032 | G10: West | H10: Office Supplies | I10: Binders | J10: 18504 | K10: 3 | L10: 2 | M10: 57825 | O10: =TRIM(SampleSuperstore3[[#This Row],[City]]) -> Los Angeles | P10: =TRIM(SampleSuperstore3[[#This Row],[State]]) -> California | Q10: =_xlfn.CONCAT(O10," ",P10) -> Los Angeles California | R10: West | S10: Jordan | T10: Utah
A11: Standard Class | B11: Consumer | C11: United States | D11: Los Angeles | E11: California | F11: 90032 | G11: West | H11: Office Supplies | I11: Appliances | J11: 1149 | K11: 5 | L11: 0 | M11: 3447 | O11: =TRIM(SampleSuperstore3[[#This Row],[City]]) -> Los Angeles | P11: =TRIM(SampleSuperstore3[[#This Row],[State]]) -> California | Q11: =_xlfn.CONCAT(O11," ",P11) -> Los Angeles California | R11: Los | S11: Angeles | T11: California
A12: Standard Class | B12: Consumer | C12: United States | D12: Los Angeles | E12: California | F12: 90032 | G12: West | H12: Furniture | I12: Tables | J12: 1706184 | K12: 9 | L12: 2 | M12: 853092 | O12: =TRIM(SampleSuperstore3[[#This Row],[City]]) -> Los Angeles | P12: =TRIM(SampleSuperstore3[[#This Row],[State]]) -> California | Q12: =_xlfn.CONCAT(O12," ",P12) -> Los Angeles California | R12: Los | S12: Angeles | T12: California
A13: Standard Class | B13: Consumer | C13: United States | D13: Los Angeles | E13: California | F13: 90032 | G13: West | H13: Technology | I13: Phones | J13: 911424 | K13: 4 | L13: 2 | M13: 683568 | O13: =TRIM(SampleSuperstore3[[#This Row],[City]]) -> Los Angeles | P13: =TRIM(SampleSuperstore3[[#This Row],[State]]) -> California | Q13: =_xlfn.CONCAT(O13," ",P13) -> Los Angeles California | R13: Los | S13: Angeles | T13: California
A14: Standard Class | B14: Consumer | C14: United States | D14: Concord | E14: North Carolina | F14: 28027 | G14: South | H14: Office Supplies | I14: Paper | J14: 15552 | K14: 3 | L14: 2 | M14: 54432 | O14: =TRIM(SampleSuperstore3[[#This Row],[City]]) -> Concord | P14: =TRIM(SampleSuperstore3[[#This Row],[State]]) -> North Carolina | Q14: =_xlfn.CONCAT(O14," ",P14) -> Concord North Carolina | R14: Los | S14: Angeles | T14: California
A15: Standard Class | B15: Consumer | C15: United States | D15: Seattle | E15: Washington | F15: 98103 | G15: West | H15: Office Supplies | I15: Binders | J15: 407976 | K15: 3 | L15: 2 | M15: 1325922 | O15: =TRIM(SampleSuperstore3[[#This Row],[City]]) -> Seattle | P15: =TRIM(SampleSuperstore3[[#This Row],[State]]) -> Washington | Q15: =_xlfn.CONCAT(O15," ",P15) -> Seattle Washington | R15: Los | S15: Angeles | T15: California
A16: Standard Class | B16: Home Office | C16: United States | D16: Fort Worth | E16: Texas | F16: 76106 | G16: Central | H16: Office Supplies | I16: Appliances | J16: 6881 | K16: 5 | L16: 8 | M16: -123858 | O16: =TRIM(SampleSuperstore3[[#This Row],[City]]) -> Fort Worth | P16: =TRIM(SampleSuperstore3[[#This Row],[State]]) -> Texas | Q16: =_xlfn.CONCAT(O16," ",P16) -> Fort Worth Texas | R16: Los | S16: Angeles | T16: California
A17: Standard Class | B17: Home Office | C17: United States | D17: Fort Worth | E17: Texas | F17: 76106 | G17: Central | H17: Office Supplies | I17: Binders | J17: 2544 | K17: 3 | L17: 8 | M17: -3816 | O17: =TRIM(SampleSuperstore3[[#This Row],[City]]) -> Fort Worth | P17: =TRIM(SampleSuperstore3[[#This Row],[State]]) -> Texas | Q17: =_xlfn.CONCAT(O17," ",P17) -> Fort Worth Texas | R17: Los | S17: Angeles | T17: California
A18: Standard Class | B18: Consumer | C18: United States | D18: Madison | E18: Wisconsin | F18: 53711 | G18: Central | H18: Office Supplies | I18: Storage | J18: 66588 | K18: 6 | L18: 0 | M18: 133176 | O18: =TRIM(SampleSuperstore3[[#This Row],[City]]) -> Madison | P18: =TRIM(SampleSuperstore3[[#This Row],[State]]) -> Wisconsin | Q18: =_xlfn.CONCAT(O18," ",P18) -> Madison Wisconsin | R18: Concord | S18: North | T18: Carolina
A19: Second Class | B19: Consumer | C19: United States | D19: West Jordan | E19: Utah | F19: 84084 | G19: West | H19: Office Supplies | I19: Storage | J19: 555 | K19: 2 | L19: 0 | M19: 999 | O19: =TRIM(SampleSuperstore3[[#This Row],[City]]) -> West Jordan | P19: =TRIM(SampleSuperstore3[[#This Row],[State]]) -> Utah | Q19: =_xlfn.CONCAT(O19," ",P19) -> West Jordan Utah | R19: Seattle | S19: Washington
A20: Second Class | B20: Consumer | C20: United States | D20: San Francisco | E20: California | F20: 94109 | G20: West | H20: Office Supplies | I20: Art | J20: 856 | K20: 2 | L20: 0 | M20: 24824 | O20: =TRIM(SampleSuperstore3[[#This Row],[City]]) -> San Francisco | P20: =TRIM(SampleSuperstore3[[#This Row],[State]]) -> California | Q20: =_xlfn.CONCAT(O20," ",P20) -> San Francisco California | R20: Fort | S20: Worth | T20: Texas
A21: Second Class | B21: Consumer | C21: United States | D21: San Francisco | E21: California | F21: 94109 | G21: West | H21: Technology | I21: Phones | J21: 21348 | K21: 3 | L21: 2 | M21: 16011 | O21: =TRIM(SampleSuperstore3[[#This Row],[City]]) -> San Francisco | P21: =TRIM(SampleSuperstore3[[#This Row],[State]]) -> California | Q21: =_xlfn.CONCAT(O21," ",P21) -> San Francisco California | R21: West | S21: Jordan | T21: Utah
A22: Second Class | B22: Consumer | C22: United States | D22: San Francisco | E22: California | F22: 94109 | G22: West | H22: Office Supplies | I22: Binders | J22: 2272 | K22: 4 | L22: 2 | M22: 7384 | O22: =TRIM(SampleSuperstore3[[#This Row],[City]]) -> San Francisco | P22: =TRIM(SampleSuperstore3[[#This Row],[State]]) -> California | Q22: =_xlfn.CONCAT(O22," ",P22) -> San Francisco California | R22: San | S22: Francisco | T22: California
A23: Standard Class | B23: Corporate | C23: United States | D23: Fremont | E23: Nebraska | F23: 68025 | G23: Central | H23: Office Supplies | I23: Art | J23: 1946 | K23: 7 | L23: 0 | M23: 50596 | O23: =TRIM(SampleSuperstore3[[#This Row],[City]]) -> Fremont | P23: =TRIM(SampleSuperstore3[[#This Row],[State]]) -> Nebraska | Q23: =_xlfn.CONCAT(O23," ",P23) -> Fremont Nebraska | R23: San | S23: Francisco | T23: California
A24: Standard Class | B24: Corporate | C24: United States | D24: Fremont | E24: Nebraska | F24: 68025 | G24: Central | H24: Office Supplies | I24: Appliances | J24: 6034 | K24: 7 | L24: 0 | M24: 156884 | O24: =TRIM(SampleSuperstore3[[#This Row],[City]]) -> Fremont | P24: =TRIM(SampleSuperstore3[[#This Row],[State]]) -> Nebraska | Q24: =_xlfn.CONCAT(O24," ",P24) -> Fremont Nebraska | R24: San | S24: Francisco | T24: California
A25: Second Class | B25: Consumer | C25: United States | D25: Philadelphia | E25: Pennsylvania | F25: 19140 | G25: East | H25: Furniture | I25: Chairs | J25: 71372 | K25: 2 | L25: 3 | M25: -10196 | O25: =TRIM(SampleSuperstore3[[#This Row],[City]]) -> Philadelphia | P25: =TRIM(SampleSuperstore3[[#This Row],[State]]) -> Pennsylvania | Q25: =_xlfn.CONCAT(O25," ",P25) -> Philadelphia Pennsylvania | R25: Fremont | S25: Nebraska
A26: Standard Class | B26: Consumer | C26: United States | D26: Orem | E26: Utah | F26: 84057 | G26: West | H26: Furniture | I26: Tables | J26: 104463 | K26: 3 | L26: 0 | M26: 2402649 | O26: =TRIM(SampleSuperstore3[[#This Row],[City]]) -> Orem | P26: =TRIM(SampleSuperstore3[[#This Row],[State]]) -> Utah | Q26: =_xlfn.CONCAT(O26," ",P26) -> Orem Utah | R26: Fremont | S26: Nebraska
A27: Second Class | B27: Consumer | C27: United States | D27: Los Angeles | E27: California | F27: 90049 | G27: West | H27: Office Supplies | I27: Binders | J27: 11648 | K27: 2 | L27: 2 | M27: 42224 | O27: =TRIM(SampleSuperstore3[[#This Row],[City]]) -> Los Angeles | P27: =TRIM(SampleSuperstore3[[#This Row],[State]]) -> California | Q27: =_xlfn.CONCAT(O27," ",P27) -> Los Angeles California | R27: Philadelphia | S27: Pennsylvania
A28: Second Class | B28: Consumer | C28: United States | D28: Los Angeles | E28: California | F28: 90049 | G28: West | H28: Technology | I28: Accessories | J28: 9057 | K28: 3 | L28: 0 | M28: 117741 | O28: =TRIM(SampleSuperstore3[[#This Row],[City]]) -> Los Angeles | P28: =TRIM(SampleSuperstore3[[#This Row],[State]]) -> California | Q28: =_xlfn.CONCAT(O28," ",P28) -> Los Angeles California | R28: Orem | S28: Utah
A29: Standard Class | B29: Consumer | C29: United States | D29: Philadelphia | E29: Pennsylvania | F29: 19140 | G29: East | H29: Furniture | I29: Bookcases | J29: 308343 | K29: 7 | L29: 5 | M29: -16650522 | O29: =TRIM(SampleSuperstore3[[#This Row],[City]]) -> Philadelphia | P29: =TRIM(SampleSuperstore3[[#This Row],[State]]) -> Pennsylvania | Q29: =_xlfn.CONCAT(O29," ",P29) -> Philadelphia Pennsylvania | R29: Los | S29: Angeles | T29: California
A30: Standard Class | B30: Consumer | C30: United States | D30: Philadelphia | E30: Pennsylvania | F30: 19140 | G30: East | H30: Office Supplies | I30: Binders | J30: 9618 | K30: 2 | L30: 7 | M30: -70532 | O30: =TRIM(SampleSuperstore3[[#This Row],[City]]) -> Philadelphia | P30: =TRIM(SampleSuperstore3[[#This Row],[State]]) -> Pennsylvania | Q30: =_xlfn.CONCAT(O30," ",P30) -> Philadelphia Pennsylvania | R30: Los | S30: Angeles | T30: California
A31: Standard Class | B31: Consumer | C31: United States | D31: Philadelphia | E31: Pennsylvania | F31: 19140 | G31: East | H31: Furniture | I31: Furnishings | J31: 1242 | K31: 3 | L31: 2 | M31: 15525 | O31: =TRIM(SampleSuperstore3[[#This Row],[City]]) -> Philadelphia | P31: =TRIM(SampleSuperstore3[[#This Row],[State]]) -> Pennsylvania | Q31: =_xlfn.CONCAT(O31," ",P31) -> Philadelphia Pennsylvania | R31: Philadelphia | S31: Pennsylvania
A32: Standard Class | B32: Consumer | C32: United States | D32: Philadelphia | E32: Pennsylvania | F32: 19140 | G32: East | H32: Office Supplies | I32: Envelopes | J32: 3264 | K32: 2 | L32: 2 | M32: 11016 | O32: =TRIM(SampleSuperstore3[[#This Row],[City]]) -> Philadelphia | P32: =TRIM(SampleSuperstore3[[#This Row],[State]]) -> Pennsylvania | Q32: =_xlfn.CONCAT(O32," ",P32) -> Philadelphia Pennsylvania | R32: Philadelphia | S32: Pennsylvania
A33: Standard Class | B33: Consumer | C33: United States | D33: Philadelphia | E33: Pennsylvania | F33: 19140 | G33: East | H33: Office Supplies | I33: Art | J33: 86304 | K33: 6 | L33: 2 | M33: 97092 | O33: =TRIM(SampleSuperstore3[[#This Row],[City]]) -> Philadelphia | P33: =TRIM(SampleSuperstore3[[#This Row],[State]]) -> Pennsylvania | Q33: =_xlfn.CONCAT(O33," ",P33) -> Philadelphia Pennsylvania | R33: Philadelphia | S33: Pennsylvania
A34: Standard Class | B34: Consumer | C34: United States | D34: Philadelphia | E34: Pennsylvania | F34: 19140 | G34: East | H34: Office Supplies | I34: Binders | J34: 6858 | K34: 6 | L34: 7 | M34: -5715 | O34: =TRIM(SampleSuperstore3[[#This Row],[City]]) -> Philadelphia | P34: =TRIM(SampleSuperstore3[[#This Row],[State]]) -> Pennsylvania | Q34: =_xlfn.CONCAT(O34," ",P34) -> Philadelphia Pennsylvania | R34: Philadelphia | S34: Pennsylvania
A35: Standard Class | B35: Consumer | C35: United States | D35: Philadelphia | E35: Pennsylvania | F35: 19140 | G35: East | H35: Office Supplies | I35: Art | J35: 1576 | K35: 2 | L35: 2 | M35: 3546 | O35: =TRIM(SampleSuperstore3[[#This Row],[City]]) -> Philadelphia | P35: =TRIM(SampleSuperstore3[[#This Row],[State]]) -> Pennsylvania | Q35: =_xlfn.CONCAT(O35," ",P35) -> Philadelphia Pennsylvania | R35: Philadelphia | S35: Pennsylvania
A36: Second Class | B36: Home Office | C36: United States | D36: Houston | E36: Texas | F36: 77095 | G36: Central | H36: Office Supplies | I36: Paper | J36: 29472 | K36: 3 | L36: 2 | M36: 99468 | O36: =TRIM(SampleSuperstore3[[#This Row],[City]]) -> Houston | P36: =TRIM(SampleSuperstore3[[#This Row],[State]]) -> Texas | Q36: =_xlfn.CONCAT(O36," ",P36) -> Houston Texas | R36: Philadelphia | S36: Pennsylvania
A37: First Class | B37: Corporate | C37: United States | D37: Richardson | E37: Texas | F37: 75080 | G37: Central | H37: Technology | I37: Phones | J37: 1097544 | K37: 7 | L37: 2 | M37: 1234737 | O37: =TRIM(SampleSuperstore3[[#This Row],[City]]) -> Richardson | P37: =TRIM(SampleSuperstore3[[#This Row],[State]]) -> Texas | Q37: =_xlfn.CONCAT(O37," ",P37) -> Richardson Texas | R37: Philadelphia | S37: Pennsylvania
A38: First Class | B38: Corporate | C38: United States | D38: Richardson | E38: Texas | F38: 75080 | G38: Central | H38: Furniture | I38: Furnishings | J38: 19092 | K38: 5 | L38: 6 | M38: -147963 | O38: =TRIM(SampleSuperstore3[[#This Row],[City]]) -> Richardson | P38: =TRIM(SampleSuperstore3[[#This Row],[State]]) -> Texas | Q38: =_xlfn.CONCAT(O38," ",P38) -> Richardson Texas | R38: Houston | S38: Texas
A39: Standard Class | B39: Home Office | C39: United States | D39: Houston | E39: Texas | F39: 77041 | G39: Central | H39: Office Supplies | I39: Envelopes | J39: 113328 | K39: 9 | L39: 2 | M39: 35415 | O39: =TRIM(SampleSuperstore3[[#This Row],[City]]) -> Houston | P39: =TRIM(SampleSuperstore3[[#This Row],[State]]) -> Texas | Q39: =_xlfn.CONCAT(O39," ",P39) -> Houston Texas | R39: Richardson | S39: Texas
A40: Standard Class | B40: Home Office | C40: United States | D40: Houston | E40: Texas | F40: 77041 | G40: Central | H40: Furniture | I40: Bookcases | J40: 5323992 | K40: 3 | L40: 32 | M40: -469764 | O40: =TRIM(SampleSuperstore3[[#This Row],[City]]) -> Houston | P40: =TRIM(SampleSuperstore3[[#This Row],[State]]) -> Texas | Q40: =_xlfn.CONCAT(O40," ",P40) -> Houston Texas | R40: Richardson | S40: Texas
A41: Standard Class | B41: Home Office | C41: United States | D41: Houston | E41: Texas | F41: 77041 | G41: Central | H41: Furniture | I41: Chairs | J41: 212058 | K41: 3 | L41: 3 | M41: -15147 | O41: =TRIM(SampleSuperstore3[[#This Row],[City]]) -> Houston | P41: =TRIM(SampleSuperstore3[[#This Row],[State]]) -> Texas | Q41: =_xlfn.CONCAT(O41," ",P41) -> Houston Texas | R41: Houston | S41: Texas
A42: Standard Class | B42: Home Office | C42: United States | D42: Houston | E42: Texas | F42: 77041 | G42: Central | H42: Technology | I42: Phones | J42: 371168 | K42: 4 | L42: 2 | M42: 417564 | O42: =TRIM(SampleSuperstore3[[#This Row],[City]]) -> Houston | P42: =TRIM(SampleSuperstore3[[#This Row],[State]]) -> Texas | Q42: =_xlfn.CONCAT(O42," ",P42) -> Houston Texas | R42: Houston | S42: Texas
... A45: Standard Class | B45: Corporate | C45: United States | D45: Melbourne | E45: Florida | F45: 32935 | G45: South | H45: Office Supplies | I45: Storage | J45: 95616 | K45: 2 | L45: 2 | M45: 95616 | O45: =TRIM(SampleSuperstore3[[#This Row],[City]]) -> Melbourne | P45: =TRIM(SampleSuperstore3[[#This Row],[State]]) -> Florida | Q45: =_xlfn.CONCAT(O45," ",P45) -> Melbourne Florida | R45: Naperville | S45: Illinois
A46: First Class | B46: Corporate | C46: United States | D46: Eagan | E46: Minnesota | F46: 55122 | G46: Central | H46: Technology | I46: Accessories | J46: 4598 | K46: 2 | L46: 0 | M46: 197714 | O46: =TRIM(SampleSuperstore3[[#This Row],[City]]) -> Eagan | P46: =TRIM(SampleSuperstore3[[#This Row],[State]]) -> Minnesota | Q46: =_xlfn.CONCAT(O46," ",P46) -> Eagan Minnesota | R46: Los | S46: Angeles | T46: California
A47: First Class | B47: Corporate | C47: United States | D47: Eagan | E47: Minnesota | F47: 55122 | G47: Central | H47: Office Supplies | I47: Binders | J47: 1746 | K47: 2 | L47: 0 | M47: 82062 | O47: =TRIM(SampleSuperstore3[[#This Row],[City]]) -> Eagan | P47: =TRIM(SampleSuperstore3[[#This Row],[State]]) -> Minnesota | Q47: =_xlfn.CONCAT(O47," ",P47) -> Eagan Minnesota | R47: Melbourne | S47: Florida
A48: Second Class | B48: Consumer | C48: United States | D48: Westland | E48: Michigan | F48: 48185 | G48: Central | H48: Office Supplies | I48: Storage | J48: 21196 | K48: 4 | L48: 0 | M48: 84784 | O48: =TRIM(SampleSuperstore3[[#This Row],[City]]) -> Westland | P48: =TRIM(SampleSuperstore3[[#This Row],[State]]) -> Michigan | Q48: =_xlfn.CONCAT(O48," ",P48) -> Westland Michigan | R48: Eagan | S48: Minnesota
A49: Standard Class | B49: Consumer | C49: United States | D49: Dover | E49: Delaware | F49: 19901 | G49: East | H49: Technology | I49: Accessories | J49: 45 | K49: 3 | L49: 0 | M49: 495 | O49: =TRIM(SampleSuperstore3[[#This Row],[City]]) -> Dover | P49: =TRIM(SampleSuperstore3[[#This Row],[State]]) -> Delaware | Q49: =_xlfn.CONCAT(O49," ",P49) -> Dover Delaware | R49: Eagan | S49: Minnesota
A50: Standard Class | B50: Consumer | C50: United States | D50: Dover | E50: Delaware | F50: 19901 | G50: East | H50: Technology | I50: Phones | J50: 218 | K50: 2 | L50: 0 | M50: 6104 | O50: =TRIM(SampleSuperstore3[[#This Row],[City]]) -> Dover | P50: =TRIM(SampleSuperstore3[[#This Row],[State]]) -> Delaware | Q50: =_xlfn.CONCAT(O50," ",P50) -> Dover Delaware | R50: Westland | S50: Michigan
A51: Standard Class | B51: Consumer | C51: United States | D51: New Albany | E51: Indiana | F51: 47150 | G51: Central | H51: Office Supplies | I51: Binders | J51: 3822 | K51: 6 | L51: 0 | M51: 179634 | O51: =TRIM(SampleSuperstore3[[#This Row],[City]]) -> New Albany | P51: =TRIM(SampleSuperstore3[[#This Row],[State]]) -> Indiana | Q51: =_xlfn.CONCAT(O51," ",P51) -> New Albany Indiana | R51: Dover | S51: Delaware
A52: Standard Class | B52: Consumer | C52: United States | D52: New Albany | E52: Indiana | F52: 47150 | G52: Central | H52: Office Supplies | I52: Labels | J52: 7518 | K52: 6 | L52: 0 | M52: 353346 | O52: =TRIM(SampleSuperstore3[[#This Row],[City]]) -> New Albany | P52: =TRIM(SampleSuperstore3[[#This Row],[State]]) -> Indiana | Q52: =_xlfn.CONCAT(O52," ",P52) -> New Albany Indiana | R52: Dover | S52: Delaware
A53: Standard Class | B53: Consumer | C53: United States | D53: New Albany | E53: Indiana | F53: 47150 | G53: Central | H53: Furniture | I53: Furnishings | J53: 616 | K53: 2 | L53: 0 | M53: 29568 | O53: =TRIM(SampleSuperstore3[[#This Row],[City]]) -> New Albany | P53: =TRIM(SampleSuperstore3[[#This Row],[State]]) -> Indiana | Q53: =_xlfn.CONCAT(O53," ",P53) -> New Albany Indiana | R53: New | S53: Albany | T53: Indiana
A54: Standard Class | B54: Consumer | C54: United States | D54: New Albany | E54: Indiana | F54: 47150 | G54: Central | H54: Furniture | I54: Chairs | J54: 8999 | K54: 1 | L54: 0 | M54: 170981 | O54: =TRIM(SampleSuperstore3[[#This Row],[City]]) -> New Albany | P54: =TRIM(SampleSuperstore3[[#This Row],[State]]) -> Indiana | Q54: =_xlfn.CONCAT(O54," ",P54) -> New Albany Indiana | R54: New | S54: Albany | T54: Indiana
A55: Standard Class | B55: Corporate | C55: United States | D55: New York City | E55: New York | F55: 10024 | G55: East | H55: Office Supplies | I55: Fasteners | J55: 1526 | K55: 7 | L55: 0 | M55: 62566 | O55: =TRIM(SampleSuperstore3[[#This Row],[City]]) -> New York City | P55: =TRIM(SampleSuperstore3[[#This Row],[State]]) -> New York | Q55: =_xlfn.CONCAT(O55," ",P55) -> New York City New York | R55: New | S55: Albany | T55: Indiana
A56: Standard Class | B56: Corporate | C56: United States | D56: New York City | E56: New York | F56: 10024 | G56: East | H56: Technology | I56: Phones | J56: 102995 | K56: 5 | L56: 0 | M56: 2986855 | O56: =TRIM(SampleSuperstore3[[#This Row],[City]]) -> New York City | P56: =TRIM(SampleSuperstore3[[#This Row],[State]]) -> New York | Q56: =_xlfn.CONCAT(O56," ",P56) -> New York City New York | R56: New | S56: Albany | T56: Indiana
A57: First Class | B57: Consumer | C57: United States | D57: Troy | E57: New York | F57: 12180 | G57: East | H57: Office Supplies | I57: Storage | J57: 20856 | K57: 6 | L57: 0 | M57: 5214 | O57: =TRIM(SampleSuperstore3[[#This Row],[City]]) -> Troy | P57: =TRIM(SampleSuperstore3[[#This Row],[State]]) -> New York | Q57: =_xlfn.CONCAT(O57," ",P57) -> Troy New York | R57: New | S57: York | T57: City | U57: New | V57: York
A58: First Class | B58: Consumer | C58: United States | D58: Troy | E58: New York | F58: 12180 | G58: East | H58: Office Supplies | I58: Paper | J58: 324 | K58: 5 | L58: 0 | M58: 15552 | O58: =TRIM(SampleSuperstore3[[#This Row],[City]]) -> Troy | P58: =TRIM(SampleSuperstore3[[#This Row],[State]]) -> New York | Q58: =_xlfn.CONCAT(O58," ",P58) -> Troy New York | R58: New | S58: York | T58: City | U58: New | V58: York
A59: First Class | B59: Consumer | C59: United States | D59: Troy | E59: New York | F59: 12180 | G59: East | H59: Furniture | I59: Chairs | J59: 31941 | K59: 5 | L59: 1 | M59: 7098 | O59: =TRIM(SampleSuperstore3[[#This Row],[City]]) -> Troy | P59: =TRIM(SampleSuperstore3[[#This Row],[State]]) -> New York | Q59: =_xlfn.CONCAT(O59," ",P59) -> Troy New York | R59: Troy | S59: New | T59: York
A60: First Class | B60: Consumer | C60: United States | D60: Troy | E60: New York | F60: 12180 | G60: East | H60: Office Supplies | I60: Paper | J60: 1456 | K60: 2 | L60: 0 | M60: 69888 | O60: =TRIM(SampleSuperstore3[[#This Row],[City]]) -> Troy | P60: =TRIM(SampleSuperstore3[[#This Row],[State]]) -> New York | Q60: =_xlfn.CONCAT(O60," ",P60) -> Troy New York | R60: Troy | S60: New | T60: York
A61: First Class | B61: Consumer | C61: United States | D61: Troy | E61: New York | F61: 12180 | G61: East | H61: Technology | I61: Accessories | J61: 30 | K61: 2 | L61: 0 | M61: 33 | O61: =TRIM(SampleSuperstore3[[#This Row],[City]]) -> Troy | P61: =TRIM(SampleSuperstore3[[#This Row],[State]]) -> New York | Q61: =_xlfn.CONCAT(O61," ",P61) -> Troy New York | R61: Troy | S61: New | T61: York
A62: First Class | B62: Consumer | C62: United States | D62: Troy | E62: New York | F62: 12180 | G62: East | H62: Office Supplies | I62: Binders | J62: 4848 | K62: 4 | L62: 2 | M62: 16362 | O62: =TRIM(SampleSuperstore3[[#This Row],[City]]) -> Troy | P62: =TRIM(SampleSuperstore3[[#This Row],[State]]) -> New York | Q62: =_xlfn.CONCAT(O62," ",P62) -> Troy New York | R62: Troy | S62: New | T62: York
A63: First Class | B63: Consumer | C63: United States | D63: Troy | E63: New York | F63: 12180 | G63: East | H63: Office Supplies | I63: Art | J63: 168 | K63: 1 | L63: 0 | M63: 84 | O63: =TRIM(SampleSuperstore3[[#This Row],[City]]) -> Troy | P63: =TRIM(SampleSuperstore3[[#This Row],[State]]) -> New York | Q63: =_xlfn.CONCAT(O63," ",P63) -> Troy New York | R63: Troy | S63: New | T63: York
A64: Standard Class | B64: Consumer | C64: United States | D64: Los Angeles | E64: California | F64: 90004 | G64: West | H64: Technology | I64: Accessories | J64: 1398 | K64: 2 | L64: 0 | M64: 61512 | O64: =TRIM(SampleSuperstore3[[#This Row],[City]]) -> Los Angeles | P64: =TRIM(SampleSuperstore3[[#This Row],[State]]) -> California | Q64: =_xlfn.CONCAT(O64," ",P64) -> Los Angeles California | R64: Troy | S64: New | T64: York
A65: Standard Class | B65: Consumer | C65: United States | D65: Los Angeles | E65: California | F65: 90004 | G65: West | H65: Office Supplies | I65: Binders | J65: 25824 | K65: 6 | L65: 2 | M65: 93612 | O65: =TRIM(SampleSuperstore3[[#This Row],[City]]) -> Los Angeles | P65: =TRIM(SampleSuperstore3[[#This Row],[State]]) -> California | Q65: =_xlfn.CONCAT(O65," ",P65) -> Los Angeles California | R65: Troy | S65: New | T65: York
A66: Standard Class | B66: Consumer | C66: United States | D66: Los Angeles | E66: California | F66: 90004 | G66: West | H66: Office Supplies | I66: Paper | J66: 14673 | K66: 3 | L66: 0 | M66: 689631 | O66: =TRIM(SampleSuperstore3[[#This Row],[City]]) -> Los Angeles | P66: =TRIM(SampleSuperstore3[[#This Row],[State]]) -> California | Q66: =_xlfn.CONCAT(O66," ",P66) -> Los Angeles California | R66: Los | S66: Angeles | T66: California
A67: Standard Class | B67: Consumer | C67: United States | D67: Los Angeles | E67: California | F67: 90004 | G67: West | H67: Furniture | I67: Furnishings | J67: 7976 | K67: 4 | L67: 0 | M67: 223328 | O67: =TRIM(SampleSuperstore3[[#This Row],[City]]) -> Los Angeles | P67: =TRIM(SampleSuperstore3[[#This Row],[State]]) -> California | Q67: =_xlfn.CONCAT(O67," ",P67) -> Los Angeles California | R67: Los | S67: Angeles | T67: California
A68: Standard Class | B68: Home Office | C68: United States | D68: Chicago | E68: Illinois | F68: 60610 | G68: Central | H68: Furniture | I68: Chairs | J68: 213115 | K68: 5 | L68: 3 | M68: -152225 | O68: =TRIM(SampleSuperstore3[[#This Row],[City]]) -> Chicago | P68: =TRIM(SampleSuperstore3[[#This Row],[State]]) -> Illinois | Q68: =_xlfn.CONCAT(O68," ",P68) -> Chicago Illinois | R68: Los | S68: Angeles | T68: California
A69: Standard Class | B69: Corporate | C69: United States | D69: Gilbert | E69: Arizona | F69: 85234 | G69: West | H69: Office Supplies | I69: Art | J69: 1113024 | K69: 8 | L69: 2 | M69: 1113024 | O69: =TRIM(SampleSuperstore3[[#This Row],[City]]) -> Gilbert | P69: =TRIM(SampleSuperstore3[[#This Row],[State]]) -> Arizona | Q69: =_xlfn.CONCAT(O69," ",P69) -> Gilbert Arizona | R69: Los | S69: Angeles | T69: California
A70: Standard Class | B70: Corporate | C70: United States | D70: Gilbert | E70: Arizona | F70: 85234 | G70: West | H70: Technology | I70: Phones | J70: 167968 | K70: 4 | L70: 2 | M70: 62988 | O70: =TRIM(SampleSuperstore3[[#This Row],[City]]) -> Gilbert | P70: =TRIM(SampleSuperstore3[[#This Row],[State]]) -> Arizona | Q70: =_xlfn.CONCAT(O70," ",P70) -> Gilbert Arizona | R70: Chicago | S70: Illinois
A71: First Class | B71: Consumer | C71: United States | D71: Springfield | E71: Virginia | F71: 22153 | G71: South | H71: Office Supplies | I71: Paper | J71: 7588 | K71: 2 | L71: 0 | M71: 356636 | O71: =TRIM(SampleSuperstore3[[#This Row],[City]]) -> Springfield | P71: =TRIM(SampleSuperstore3[[#This Row],[State]]) -> Virginia | Q71: =_xlfn.CONCAT(O71," ",P71) -> Springfield Virginia | R71: Gilbert | S71: Arizona
A72: Standard Class | B72: Consumer | C72: United States | D72: New York City | E72: New York | F72: 10009 | G72: East | H72: Office Supplies | I72: Binders | J72: 4616 | K72: 1 | L72: 2 | M72: 1731 | O72: =TRIM(SampleSuperstore3[[#This Row],[City]]) -> New York City | P72: =TRIM(SampleSuperstore3[[#This Row],[State]]) -> New York | Q72: =_xlfn.CONCAT(O72," ",P72) -> New York City New York | R72: Gilbert | S72: Arizona
A73: Second Class | B73: Consumer | C73: United States | D73: Jackson | E73: Michigan | F73: 49201 | G73: Central | H73: Office Supplies | I73: Paper | J73: 1905 | K73: 3 | L73: 0 | M73: 8763 | O73: =TRIM(SampleSuperstore3[[#This Row],[City]]) -> Jackson | P73: =TRIM(SampleSuperstore3[[#This Row],[State]]) -> Michigan | Q73: =_xlfn.CONCAT(O73," ",P73) -> Jackson Michigan | R73: Springfield | S73: Virginia
A74: Standard Class | B74: Consumer | C74: United States | D74: Memphis | E74: Tennessee | F74: 38109 | G74: South | H74: Furniture | I74: Chairs | J74: 831936 | K74: 8 | L74: 2 | M74: -1143912 | O74: =TRIM(SampleSuperstore3[[#This Row],[City]]) -> Memphis | P74: =TRIM(SampleSuperstore3[[#This Row],[State]]) -> Tennessee | Q74: =_xlfn.CONCAT(O74," ",P74) -> Memphis Tennessee | R74: New | S74: York | T74: City | U74: New | V74: York
A75: Standard Class | B75: Consumer | C75: United States | D75: Memphis | E75: Tennessee | F75: 38109 | G75: South | H75: Furniture | I75: Furnishings | J75: 9704 | K75: 2 | L75: 2 | M75: 1213 | O75: =TRIM(SampleSuperstore3[[#This Row],[City]]) -> Memphis | P75: =TRIM(SampleSuperstore3[[#This Row],[State]]) -> Tennessee | Q75: =_xlfn.CONCAT(O75," ",P75) -> Memphis Tennessee | R75: Jackson | S75: Michigan
A76: Standard Class | B76: Consumer | C76: United States | D76: Memphis | E76: Tennessee | F76: 38109 | G76: South | H76: Office Supplies | I76: Storage | J76: 72784 | K76: 1 | L76: 2 | M76: -18196 | O76: =TRIM(SampleSuperstore3[[#This Row],[City]]) -> Memphis | P76: =TRIM(SampleSuperstore3[[#This Row],[State]]) -> Tennessee | Q76: =_xlfn.CONCAT(O76," ",P76) -> Memphis Tennessee | R76: Memphis | S76: Tennessee
A77: First Class | B77: Corporate | C77: United States | D77: Houston | E77: Texas | F77: 77041 | G77: Central | H77: Office Supplies | I77: Binders | J77: 1248 | K77: 3 | L77: 8 | M77: -19344 | O77: =TRIM(SampleSuperstore3[[#This Row],[City]]) -> Houston | P77: =TRIM(SampleSuperstore3[[#This Row],[State]]) -> Texas | Q77: =_xlfn.CONCAT(O77," ",P77) -> Houston Texas | R77: Memphis | S77: Tennessee
A78: First Class | B78: Corporate | C78: United States | D78: Houston | E78: Texas | F78: 77041 | G78: Central | H78: Furniture | I78: Furnishings | J78: 9708 | K78: 3 | L78: 6 | M78: -58248 | O78: =TRIM(SampleSuperstore3[[#This Row],[City]]) -> Houston | P78: =TRIM(SampleSuperstore3[[#This Row],[State]]) -> Texas | Q78: =_xlfn.CONCAT(O78," ",P78) -> Houston Texas | R78: Memphis | S78: Tennessee
A79: First Class | B79: Corporate | C79: United States | D79: Houston | E79: Texas | F79: 77041 | G79: Central | H79: Office Supplies | I79: Storage | J79: 2724 | K79: 3 | L79: 2 | M79: 2724 | O79: =TRIM(SampleSuperstore3[[#This Row],[City]]) -> Houston | P79: =TRIM(SampleSuperstore3[[#This Row],[State]]) -> Texas | Q79: =_xlfn.CONCAT(O79," ",P79) -> Houston Texas | R79: Houston | S79: Texas
A80: Second Class | B80: Consumer | C80: United States | D80: Houston | E80: Texas | F80: 77070 | G80: Central | H80: Furniture | I80: Furnishings | J80: 193 | K80: 5 | L80: 6 | M80: -14475 | O80: =TRIM(SampleSuperstore3[[#This Row],[City]]) -> Houston | P80: =TRIM(SampleSuperstore3[[#This Row],[State]]) -> Texas | Q80: =_xlfn.CONCAT(O80," ",P80) -> Houston Texas | R80: Houston | S80: Texas
A81: First Class | B81: Corporate | C81: United States | D81: Decatur | E81: Alabama | F81: 35601 | G81: South | H81: Office Supplies | I81: Appliances | J81: 20816 | K81: 1 | L81: 0 | M81: 562032 | O81: =TRIM(SampleSuperstore3[[#This Row],[City]]) -> Decatur | P81: =TRIM(SampleSuperstore3[[#This Row],[State]]) -> Alabama | Q81: =_xlfn.CONCAT(O81," ",P81) -> Decatur Alabama | R81: Houston | S81: Texas
A82: First Class | B82: Corporate | C82: United States | D82: Decatur | E82: Alabama | F82: 35601 | G82: South | H82: Office Supplies | I82: Binders | J82: 1674 | K82: 3 | L82: 0 | M82: 80352 | O82: =TRIM(SampleSuperstore3[[#This Row],[City]]) -> Decatur | P82: =TRIM(SampleSuperstore3[[#This Row],[State]]) -> Alabama | Q82: =_xlfn.CONCAT(O82," ",P82) -> Decatur Alabama | R82: Houston | S82: Texas
A83: Standard Class | B83: Consumer | C83: United States | D83: San Francisco | E83: California | F83: 94122 | G83: West | H83: Office Supplies | I83: Art | J83: 149 | K83: 5 | L83: 0 | M83: 4172 | O83: =TRIM(SampleSuperstore3[[#This Row],[City]]) -> San Francisco | P83: =TRIM(SampleSuperstore3[[#This Row],[State]]) -> California | Q83: =_xlfn.CONCAT(O83," ",P83) -> San Francisco California | R83: Decatur | S83: Alabama
A84: Standard Class | B84: Consumer | C84: United States | D84: San Francisco | E84: California | F84: 94122 | G84: West | H84: Office Supplies | I84: Storage | J84: 2139 | K84: 1 | L84: 0 | M84: 62031 | O84: =TRIM(SampleSuperstore3[[#This Row],[City]]) -> San Francisco | P84: =TRIM(SampleSuperstore3[[#This Row],[State]]) -> California | Q84: =_xlfn.CONCAT(O84," ",P84) -> San Francisco California | R84: Decatur | S84: Alabama
A85: Standard Class | B85: Corporate | C85: United States | D85: Durham | E85: North Carolina | F85: 27707 | G85: South | H85: Office Supplies | I85: Envelopes | J85: 200984 | K85: 7 | L85: 2 | M85: 628075 | O85: =TRIM(SampleSuperstore3[[#This Row],[City]]) -> Durham | P85: =TRIM(SampleSuperstore3[[#This Row],[State]]) -> North Carolina | Q85: =_xlfn.CONCAT(O85," ",P85) -> Durham North Carolina | R85: San | S85: Francisco | T85: California
A86: First Class | B86: Home Office | C86: United States | D86: Chicago | E86: Illinois | F86: 60623 | G86: Central | H86: Office Supplies | I86: Storage | J86: 230376 | K86: 3 | L86: 2 | M86: -489549 | O86: =TRIM(SampleSuperstore3[[#This Row],[City]]) -> Chicago | P86: =TRIM(SampleSuperstore3[[#This Row],[State]]) -> Illinois | Q86: =_xlfn.CONCAT(O86," ",P86) -> Chicago Illinois | R86: San | S86: Francisco | T86: California
A87: Second Class | B87: Consumer | C87: United States | D87: Columbia | E87: South Carolina | F87: 29203 | G87: South | H87: Furniture | I87: Chairs | J87: 30196 | K87: 2 | L87: 0 | M87: 332156 | O87: =TRIM(SampleSuperstore3[[#This Row],[City]]) -> Columbia | P87: =TRIM(SampleSuperstore3[[#This Row],[State]]) -> South Carolina | Q87: =_xlfn.CONCAT(O87," ",P87) -> Columbia South Carolina | R87: Durham | S87: North | T87: Carolina
A88: Standard Class | B88: Consumer | C88: United States | D88: Rochester | E88: Minnesota | F88: 55901 | G88: Central | H88: Technology | I88: Accessories | J88: 1999 | K88: 1 | L88: 0 | M88: 67966 | O88: =TRIM(SampleSuperstore3[[#This Row],[City]]) -> Rochester | P88: =TRIM(SampleSuperstore3[[#This Row],[State]]) -> Minnesota | Q88: =_xlfn.CONCAT(O88," ",P88) -> Rochester Minnesota | R88: Chicago | S88: Illinois
A89: Standard Class | B89: Consumer | C89: United States | D89: Rochester | E89: Minnesota | F89: 55901 | G89: Central | H89: Office Supplies | I89: Labels | J89: 616 | K89: 2 | L89: 0 | M89: 29568 | O89: =TRIM(SampleSuperstore3[[#This Row],[City]]) -> Rochester | P89: =TRIM(SampleSuperstore3[[#This Row],[State]]) -> Minnesota | Q89: =_xlfn.CONCAT(O89," ",P89) -> Rochester Minnesota | R89: Columbia | S89: South | T89: Carolina
A90: Second Class | B90: Home Office | C90: United States | D90: Houston | E90: Texas | F90: 77095 | G90: Central | H90: Office Supplies | I90: Storage | J90: 158368 | K90: 7 | L90: 2 | M90: 138572 | O90: =TRIM(SampleSuperstore3[[#This Row],[City]]) -> Houston | P90: =TRIM(SampleSuperstore3[[#This Row],[State]]) -> Texas | Q90: =_xlfn.CONCAT(O90," ",P90) -> Houston Texas | R90: Rochester | S90: Minnesota
A91: Standard Class | B91: Corporate | C91: United States | D91: Los Angeles | E91: California | F91: 90036 | G91: West | H91: Office Supplies | I91: Art | J91: 201 | K91: 3 | L91: 0 | M91: 6633 | O91: =TRIM(SampleSuperstore3[[#This Row],[City]]) -> Los Angeles | P91: =TRIM(SampleSuperstore3[[#This Row],[State]]) -> California | Q91: =_xlfn.CONCAT(O91," ",P91) -> Los Angeles California | R91: Rochester | S91: Minnesota
A92: Standard Class | B92: Corporate | C92: United States | D92: Los Angeles | E92: California | F92: 90036 | G92: West | H92: Technology | I92: Phones | J92: 73584 | K92: 2 | L92: 2 | M92: 82782 | O92: =TRIM(SampleSuperstore3[[#This Row],[City]]) -> Los Angeles | P92: =TRIM(SampleSuperstore3[[#This Row],[State]]) -> California | Q92: =_xlfn.CONCAT(O92," ",P92) -> Los Angeles California | R92: Houston | S92: Texas
A93: Standard Class | B93: Corporate | C93: United States | D93: Los Angeles | E93: California | F93: 90036 | G93: West | H93: Office Supplies | I93: Paper | J93: 648 | K93: 1 | L93: 0 | M93: 31104 | O93: =TRIM(SampleSuperstore3[[#This Row],[City]]) -> Los Angeles | P93: =TRIM(SampleSuperstore3[[#This Row],[State]]) -> California | Q93: =_xlfn.CONCAT(O93," ",P93) -> Los Angeles California | R93: Los | S93: Angeles | T93: California
A94: Second Class | B94: Consumer | C94: United States | D94: Minneapolis | E94: Minnesota | F94: 55407 | G94: Central | H94: Office Supplies | I94: Paper | J94: 1296 | K94: 2 | L94: 0 | M94: 62208 | O94: =TRIM(SampleSuperstore3[[#This Row],[City]]) -> Minneapolis | P94: =TRIM(SampleSuperstore3[[#This Row],[State]]) -> Minnesota | Q94: =_xlfn.CONCAT(O94," ",P94) -> Minneapolis Minnesota | R94: Los | S94: Angeles | T94: California
A95: Second Class | B95: Consumer | C95: United States | D95: Minneapolis | E95: Minnesota | F95: 55407 | G95: Central | H95: Furniture | I95: Furnishings | J95: 5334 | K95: 3 | L95: 0 | M95: 165354 | O95: =TRIM(SampleSuperstore3[[#This Row],[City]]) -> Minneapolis | P95: =TRIM(SampleSuperstore3[[#This Row],[State]]) -> Minnesota | Q95: =_xlfn.CONCAT(O95," ",P95) -> Minneapolis Minnesota | R95: Los | S95: Angeles | T95: California
A96: Second Class | B96: Consumer | C96: United States | D96: Minneapolis | E96: Minnesota | F96: 55407 | G96: Central | H96: Office Supplies | I96: Binders | J96: 3296 | K96: 2 | L96: 0 | M96: 161504 | O96: =TRIM(SampleSuperstore3[[#This Row],[City]]) -> Minneapolis | P96: =TRIM(SampleSuperstore3[[#This Row],[State]]) -> Minnesota | Q96: =_xlfn.CONCAT(O96," ",P96) -> Minneapolis Minnesota | R96: Minneapolis | S96: Minnesota
A97: Standard Class | B97: Home Office | C97: United States | D97: Portland | E97: Oregon | F97: 97206 | G97: West | H97: Office Supplies | I97: Binders | J97: 5682 | K97: 1 | L97: 7 | M97: -3788 | O97: =TRIM(SampleSuperstore3[[#This Row],[City]]) -> Portland | P97: =TRIM(SampleSuperstore3[[#This Row],[State]]) -> Oregon | Q97: =_xlfn.CONCAT(O97," ",P97) -> Portland Oregon | R97: Minneapolis | S97: Minnesota
A98: Second Class | B98: Home Office | C98: United States | D98: New York City | E98: New York | F98: 10009 | G98: East | H98: Furniture | I98: Furnishings | J98: 9653 | K98: 7 | L98: 0 | M98: 405426 | O98: =TRIM(SampleSuperstore3[[#This Row],[City]]) -> New York City | P98: =TRIM(SampleSuperstore3[[#This Row],[State]]) -> New York | Q98: =_xlfn.CONCAT(O98," ",P98) -> New York City New York | R98: Minneapolis | S98: Minnesota
A99: First Class | B99: Consumer | C99: United States | D99: San Francisco | E99: California | F99: 94122 | G99: West | H99: Office Supplies | I99: Binders | J99: 51312 | K99: 3 | L99: 2 | M99: 179592 | O99: =TRIM(SampleSuperstore3[[#This Row],[City]]) -> San Francisco | P99: =TRIM(SampleSuperstore3[[#This Row],[State]]) -> California | Q99: =_xlfn.CONCAT(O99," ",P99) -> San Francisco California | R99: Portland | S99: Oregon
A100: Standard Class | B100: Corporate | C100: United States | D100: Saint Paul | E100: Minnesota | F100: 55106 | G100: Central | H100: Office Supplies | I100: Appliances | J100: 7788 | K100: 6 | L100: 0 | M100: 225852 | O100: =TRIM(SampleSuperstore3[[#This Row],[City]]) -> Saint Paul | P100: =TRIM(SampleSuperstore3[[#This Row],[State]]) -> Minnesota | Q100: =_xlfn.CONCAT(O100," ",P100) -> Saint Paul Minnesota | R100: New | S100: York | T100: City | U100: New | V100: York
A101: Standard Class | B101: Home Office | C101: United States | D101: Chicago | E101: Illinois | F101: 60610 | G101: Central | H101: Office Supplies | I101: Paper | J101: 64624 | K101: 7 | L101: 2 | M101: 226184 | O101: =TRIM(SampleSuperstore3[[#This Row],[City]]) -> Chicago | P101: =TRIM(SampleSuperstore3[[#This Row],[State]]) -> Illinois | Q101: =_xlfn.CONCAT(O101," ",P101) -> Chicago Illinois | R101: San | S101: Francisco | T101: California
A102: Standard Class | B102: Home Office | C102: United States | D102: Chicago | E102: Illinois | F102: 60610 | G102: Central | H102: Technology | I102: Accessories | J102: 95976 | K102: 3 | L102: 2 | M102: -107973 | O102: =TRIM(SampleSuperstore3[[#This Row],[City]]) -> Chicago | P102: =TRIM(SampleSuperstore3[[#This Row],[State]]) -> Illinois | Q102: =_xlfn.CONCAT(O102," ",P102) -> Chicago Illinois | R102: Saint | S102: Paul | T102: Minnesota
...

Sheet Data Validation
A1: Ship Mode | B1: Segment | C1: Country | D1: Sales
A2: First Class | B2: =VLOOKUP(A2,SampleSuperstore3[],2,0) -> Corporate | C2: =VLOOKUP(A2,SampleSuperstore3[],3,0) -> United States | D2: =VLOOKUP(A2,SampleSuperstore3[],10,0) -> 1097544

Sheet Pivot Table
A1: Sales By Region | D1: Profit By Category | G1: Volume Of Transaction By Segment
A3: Row Labels | B3: Sum of Sales | D3: Row Labels | E3: Sum of Profit | G3: Row Labels | H3: Count of Segment
A4: West | B4: 365337643 | D4: Technology | E4: 964660095 | G4: Consumer | H4: 5191
A5: Central | B5: 321360741 | D5: Office Supplies | E5: 775994074 | G5: Corporate | H5: 3020
A6: East | B6: 292543756 | D6: Furniture | E6: 59222369 | G6: Home Office | H6: 1783
A7: South | B7: 152349580 | D7: Grand Total | E7: 1799876538 | G7: Grand Total | H7: 9994
A8: Grand Total | B8: 1131591720

Sheet Summary
A1: Ship Mode | B1: Segment | C1: Country | D1: City | E1: State | F1: Postal Code | G1: Region | H1: Category | I1: Sub-Category | J1: Sales | K1: Quantity | L1: Discount | M1: Profit
A2: Second Class | B2: Consumer | C2: United States | D2: Henderson | E2: Kentucky | F2: 42420 | G2: South | H2: Furniture | I2: Bookcases | J2: 26196 | K2: 2 | L2: 0 | M2: 419136 | O2: Tabel Disamping Telah Saya Seleksi dengan mengasumsikan "Postal Code" sebagai Unique ID
A3: Second Class | B3: Corporate | C3: United States | D3: Los Angeles | E3: California | F3: 90036 | G3: West | H3: Office Supplies | I3: Labels | J3: 1462 | K3: 2 | L3: 0 | M3: 68714
A4: Standard Class | B4: Consumer | C4: United States | D4: Fort Lauderdale | E4: Florida | F4: 33311 | G4: South | H4: Furniture | I4: Tables | J4: 9575775 | K4: 5 | L4: 45 | M4: -383031
A5: Standard Class | B5: Consumer | C5: United States | D5: Los Angeles | E5: California | F5: 90032 | G5: West | H5: Furniture | I5: Furnishings | J5: 4886 | K5: 7 | L5: 0 | M5: 141694 | O5: Selection Interactive Table
A6: Standard Class | B6: Consumer | C6: United States | D6: Concord | E6: North Carolina | F6: 28027 | G6: South | H6: Office Supplies | I6: Paper | J6: 15552 | K6: 3 | L6: 2 | M6: 54432 | O6: Postal Code | P6: 49201 | Q6: Profit
A7: Standard Class | B7: Consumer | C7: United States | D7: Seattle | E7: Washington | F7: 98103 | G7: West | H7: Office Supplies | I7: Binders | J7: 407976 | K7: 3 | L7: 2 | M7: 1325922 | O7: Category | P7: =VLOOKUP(P6,$F$2:$M$632,3,0) -> Office Supplies
A8: Standard Class | B8: Home Office | C8: United States | D8: Fort Worth | E8: Texas | F8: 76106 | G8: Central | H8: Office Supplies | I8: Appliances | J8: 6881 | K8: 5 | L8: 8 | M8: -123858 | O8: First Category | P8: {=TRANSPOSE(_xlfn.TEXTSPLIT(P7," "))} -> Office | Q8: =VLOOKUP(P6,$F$2:$M$632,8,0) -> 8763
A9: Standard Class | B9: Consumer | C9: United States | D9: Madison | E9: Wisconsin | F9: 53711 | G9: Central | H9: Office Supplies | I9: Storage | J9: 66588 | K9: 6 | L9: 0 | M9: 133176 | O9: Second Category | P9: Supplies | Q9: Index
A10: Second Class | B10: Consumer | C10: United States | D10: West Jordan | E10: Utah | F10: 84084 | G10: West | H10: Office Supplies | I10: Storage | J10: 555 | K10: 2 | L10: 0 | M10: 999 | O10: City | P10: =INDEX(D2:D632,MATCH(P6,F2:F632,0)) -> Jackson | Q10: =MATCH(P6,F2:F632,0) -> 31
A11: Second Class | B11: Consumer | C11: United States | D11: San Francisco | E11: California | F11: 94109 | G11: West | H11: Office Supplies | I11: Art | J11: 856 | K11: 2 | L11: 0 | M11: 24824
A12: Standard Class | B12: Corporate | C12: United States | D12: Fremont | E12: Nebraska | F12: 68025 | G12: Central | H12: Office Supplies | I12: Art | J12: 1946 | K12: 7 | L12: 0 | M12: 50596
A13: Second Class | B13: Consumer | C13: United States | D13: Philadelphia | E13: Pennsylvania | F13: 19140 | G13: East | H13: Furniture | I13: Chairs | J13: 71372 | K13: 2 | L13: 3 | M13: -10196 | O13: Sumber Data untuk tabel Pivot berikut diambil dari sheet Summary ini
A14: Standard Class | B14: Consumer | C14: United States | D14: Orem | E14: Utah | F14: 84057 | G14: West | H14: Furniture | I14: Tables | J14: 104463 | K14: 3 | L14: 0 | M14: 2402649
A15: Second Class | B15: Consumer | C15: United States | D15: Los Angeles | E15: California | F15: 90049 | G15: West | H15: Office Supplies | I15: Binders | J15: 11648 | K15: 2 | L15: 2 | M15: 42224 | O15: Sales By Region | R15: Profit By Category | U15: Volume Of Transaction By Segment
A16: Second Class | B16: Home Office | C16: United States | D16: Houston | E16: Texas | F16: 77095 | G16: Central | H16: Office Supplies | I16: Paper | J16: 29472 | K16: 3 | L16: 2 | M16: 99468
A17: First Class | B17: Corporate | C17: United States | D17: Richardson | E17: Texas | F17: 75080 | G17: Central | H17: Technology | I17: Phones | J17: 1097544 | K17: 7 | L17: 2 | M17: 1234737 | O17: Region | P17: Total Sales | R17: Category | S17: Total Profit | U17: Segment | V17: Jumlah Segment
A18: Standard Class | B18: Home Office | C18: United States | D18: Houston | E18: Texas | F18: 77041 | G18: Central | H18: Office Supplies | I18: Envelopes | J18: 113328 | K18: 9 | L18: 2 | M18: 35415 | O18: South | P18: 22500924 | R18: Office Supplies | S18: 52091950 | U18: Consumer | V18: 337
A19: Standard Class | B19: Corporate | C19: United States | D19: Naperville | E19: Illinois | F19: 60540 | G19: Central | H19: Technology | I19: Phones | J19: 147168 | K19: 4 | L19: 2 | M19: 165564 | O19: Central | P19: 16571262 | R19: Furniture | S19: 12555556 | U19: Corporate | V19: 193
A20: Standard Class | B20: Corporate | C20: United States | D20: Melbourne | E20: Florida | F20: 32935 | G20: South | H20: Office Supplies | I20: Storage | J20: 95616 | K20: 2 | L20: 2 | M20: 95616 | O20: West | P20: 15754624 | R20: Technology | S20: 10031089 | U20: Home Office | V20: 101
A21: First Class | B21: Corporate | C21: United States | D21: Eagan | E21: Minnesota | F21: 55122 | G21: Central | H21: Technology | I21: Accessories | J21: 4598 | K21: 2 | L21: 0 | M21: 197714 | O21: East | P21: 7841244 | R21: Grand Total | S21: 74678595 | U21: Grand Total | V21: 631
A22: Second Class | B22: Consumer | C22: United States | D22: Westland | E22: Michigan | F22: 48185 | G22: Central | H22: Office Supplies | I22: Storage | J22: 21196 | K22: 4 | L22: 0 | M22: 84784 | O22: Grand Total | P22: 62668054
A23: Standard Class | B23: Consumer | C23: United States | D23: Dover | E23: Delaware | F23: 19901 | G23: East | H23: Technology | I23: Accessories | J23: 45 | K23: 3 | L23: 0 | M23: 495
A24: Standard Class | B24: Consumer | C24: United States | D24: New Albany | E24: Indiana | F24: 47150 | G24: Central | H24: Office Supplies | I24: Binders | J24: 3822 | K24: 6 | L24: 0 | M24: 179634 | O24: Region South memiliki total penjualan | R24: Category Office Supplies | U24: Transaction dari Segment Home Office
A25: Standard Class | B25: Corporate | C25: United States | D25: New York City | E25: New York | F25: 10024 | G25: East | H25: Office Supplies | I25: Fasteners | J25: 1526 | K25: 7 | L25: 0 | M25: 62566 | O25: tertinggi dibandingkan dengan region | R25: menghasilkan keuntungan | U25: memiliki volume/jumlah terendah
A26: First Class | B26: Consumer | C26: United States | D26: Troy | E26: New York | F26: 12180 | G26: East | H26: Office Supplies | I26: Storage | J26: 20856 | K26: 6 | L26: 0 | M26: 5214 | O26: lainnya. | R26: terbesar. | U26: dibandingkan dengan Consumer &
A27: Standard Class | B27: Consumer | C27: United States | D27: Los Angeles | E27: California | F27: 90004 | G27: West | H27: Technology | I27: Accessories | J27: 1398 | K27: 2 | L27: 0 | M27: 61512 | U27: Corporate.
A28: Standard Class | B28: Home Office | C28: United States | D28: Chicago | E28: Illinois | F28: 60610 | G28: Central | H28: Furniture | I28: Chairs | J28: 213115 | K28: 5 | L28: 3 | M28: -152225
A29: Standard Class | B29: Corporate | C29: United States | D29: Gilbert | E29: Arizona | F29: 85234 | G29: West | H29: Office Supplies | I29: Art | J29: 1113024 | K29: 8 | L29: 2 | M29: 1113024
A30: First Class | B30: Consumer | C30: United States | D30: Springfield | E30: Virginia | F30: 22153 | G30: South | H30: Office Supplies | I30: Paper | J30: 7588 | K30: 2 | L30: 0 | M30: 356636
A31: Standard Class | B31: Consumer | C31: United States | D31: New York City | E31: New York | F31: 10009 | G31: East | H31: Office Supplies | I31: Binders | J31: 4616 | K31: 1 | L31: 2 | M31: 1731
A32: Second Class | B32: Consumer | C32: United States | D32: Jackson | E32: Michigan | F32: 49201 | G32: Central | H32: Office Supplies | I32: Paper | J32: 1905 | K32: 3 | L32: 0 | M32: 8763
A33: Standard Class | B33: Consumer | C33: United States | D33: Memphis | E33: Tennessee | F33: 38109 | G33: South | H33: Furniture | I33: Chairs | J33: 831936 | K33: 8 | L33: 2 | M33: -1143912
A34: Second Class | B34: Consumer | C34: United States | D34: Houston | E34: Texas | F34: 77070 | G34: Central | H34: Furniture | I34: Furnishings | J34: 193 | K34: 5 | L34: 6 | M34: -14475
A35: First Class | B35: Corporate | C35: United States | D35: Decatur | E35: Alabama | F35: 35601 | G35: South | H35: Office Supplies | I35: Appliances | J35: 20816 | K35: 1 | L35: 0 | M35: 562032
A36: Standard Class | B36: Consumer | C36: United States | D36: San Francisco | E36: California | F36: 94122 | G36: West | H36: Office Supplies | I36: Art | J36: 149 | K36: 5 | L36: 0 | M36: 4172
A37: Standard Class | B37: Corporate | C37: United States | D37: Durham | E37: North Carolina | F37: 27707 | G37: South | H37: Office Supplies | I37: Envelopes | J37: 200984 | K37: 7 | L37: 2 | M37: 628075
A38: First Class | B38: Home Office | C38: United States | D38: Chicago | E38: Illinois | F38: 60623 | G38: Central | H38: Office Supplies | I38: Storage | J38: 230376 | K38: 3 | L38: 2 | M38: -489549
A39: Second Class | B39: Consumer | C39: United States | D39: Columbia | E39: South Carolina | F39: 29203 | G39: South | H39: Furniture | I39: Chairs | J39: 30196 | K39: 2 | L39: 0 | M39: 332156
... A632: First Class | B632: Consumer | C632: United States | D632: Woodstock | E632: Georgia | F632: 30188 | G632: South | H632: Office Supplies | I632: Binders | J632: 1404 | K632: 3 | L632: 0 | M632: 67392
